Position,Track Name,Artist,Streams,URL,date,week
1,Dance Monkey,Tones And I,50183626,https://open.spotify.com/track/1rgnBhdG2JDFTbYkYRZAku,2020-01-02,1
2,ROXANNE,Arizona Zervas,33254585,https://open.spotify.com/track/696DnlkuDOXcMAnKlTgXXK,2020-01-02,1
3,Tusa,KAROL G,29349573,https://open.spotify.com/track/7k4t7uLgtOxPwTpFmtJNTY,2020-01-02,1
4,Memories,Maroon 5,26067853,https://open.spotify.com/track/2b8fOow8UzyDFAE27YhOZM,2020-01-02,1
5,Falling,Trevor Daniel,25901488,https://open.spotify.com/track/4TnjEaWOeW0eKTKIEvJyCa,2020-01-02,1
6,Circles,Post Malone,25481417,https://open.spotify.com/track/21jGcNKet2qwijlDFuPiPb,2020-01-02,1
7,Don't Start Now,Dua Lipa,25355075,https://open.spotify.com/track/6WrI0LAC5M1Rw2MnX2ZvEg,2020-01-02,1
8,Blinding Lights,The Weeknd,24279792,https://open.spotify.com/track/0sf12qNH5qcw8qpgymFOqD,2020-01-02,1
9,Senorita,Shawn Mendes,22341642,https://open.spotify.com/track/6v3KW9xbzN5yKLt9YKDYA2,2020-01-02,1
10,everything i wanted,Billie Eilish,21828884,https://open.spotify.com/track/3ZCTVFBt2Brf31RLEnCkWJ,2020-01-02,1
1,Dance Monkey,Tones And I,50241241,https://open.spotify.com/track/1rgnBhdG2JDFTbYkYRZAku,2020-01-09,2
2,Yummy,Justin Bieber,36772939,https://open.spotify.com/track/41L3O37CECZt3N7ziG2z7l,2020-01-09,2
3,ROXANNE,Arizona Zervas,33546219,https://open.spotify.com/track/696DnlkuDOXcMAnKlTgXXK,2020-01-09,2
4,The Box,Roddy Ricch,32333490,https://open.spotify.com/track/0nbXyq5TXYPCO7pr3N8S4I,2020-01-09,2
5,Tusa,KAROL G,29519007,https://open.spotify.com/track/7k4t7uLgtOxPwTpFmtJNTY,2020-01-09,2
6,Blinding Lights,The Weeknd,29198353,https://open.spotify.com/track/0sf12qNH5qcw8qpgymFOqD,2020-01-09,2
7,Falling,Trevor Daniel,28253241,https://open.spotify.com/track/4TnjEaWOeW0eKTKIEvJyCa,2020-01-09,2
8,Don't Start Now,Dua Lipa,27338884,https://open.spotify.com/track/6WrI0LAC5M1Rw2MnX2ZvEg,2020-01-09,2
9,Memories,Maroon 5,27008690,https://open.spotify.com/track/2b8fOow8UzyDFAE27YhOZM,2020-01-09,2
10,Circles,Post Malone,26365136,https://open.spotify.com/track/21jGcNKet2qwijlDFuPiPb,2020-01-09,2
1,Dance Monkey,Tones And I,52055226,https://open.spotify.com/track/1rgnBhdG2JDFTbYkYRZAku,2020-01-16,3
2,The Box,Roddy Ricch,46771676,https://open.spotify.com/track/0nbXyq5TXYPCO7pr3N8S4I,2020-01-16,3
3,Life Is Good (feat. Drake),Future,39404104,https://open.spotify.com/track/5yY9lUy8nbvjM1Uyo1Uqoc,2020-01-16,3
4,Yummy,Justin Bieber,38715310,https://open.spotify.com/track/41L3O37CECZt3N7ziG2z7l,2020-01-16,3
5,Tusa,KAROL G,34288744,https://open.spotify.com/track/7k4t7uLgtOxPwTpFmtJNTY,2020-01-16,3
6,ROXANNE,Arizona Zervas,34104838,https://open.spotify.com/track/696DnlkuDOXcMAnKlTgXXK,2020-01-16,3
7,Blinding Lights,The Weeknd,31993009,https://open.spotify.com/track/0sf12qNH5qcw8qpgymFOqD,2020-01-16,3
8,Don't Start Now,Dua Lipa,29149812,https://open.spotify.com/track/6WrI0LAC5M1Rw2MnX2ZvEg,2020-01-16,3
9,Falling,Trevor Daniel,28908175,https://open.spotify.com/track/4TnjEaWOeW0eKTKIEvJyCa,2020-01-16,3
10,Memories,Maroon 5,26277252,https://open.spotify.com/track/2b8fOow8UzyDFAE27YhOZM,2020-01-16,3
1,Dance Monkey,Tones And I,50409214,https://open.spotify.com/track/1rgnBhdG2JDFTbYkYRZAku,2020-01-23,4
2,The Box,Roddy Ricch,48937592,https://open.spotify.com/track/0nbXyq5TXYPCO7pr3N8S4I,2020-01-23,4
3,Tusa,KAROL G,41434019,https://open.spotify.com/track/7k4t7uLgtOxPwTpFmtJNTY,2020-01-23,4
4,Godzilla (feat. Juice WRLD),Eminem,40637125,https://open.spotify.com/track/7FIWs0pqAYbP91WWM0vlTQ,2020-01-23,4
5,Yummy,Justin Bieber,34586419,https://open.spotify.com/track/41L3O37CECZt3N7ziG2z7l,2020-01-23,4
6,Life Is Good (feat. Drake),Future,34200687,https://open.spotify.com/track/5yY9lUy8nbvjM1Uyo1Uqoc,2020-01-23,4
7,Blinding Lights,The Weeknd,33551309,https://open.spotify.com/track/0sf12qNH5qcw8qpgymFOqD,2020-01-23,4
8,ROXANNE,Arizona Zervas,32102084,https://open.spotify.com/track/696DnlkuDOXcMAnKlTgXXK,2020-01-23,4
9,Falling,Trevor Daniel,28606316,https://open.spotify.com/track/4TnjEaWOeW0eKTKIEvJyCa,2020-01-23,4
10,Don't Start Now,Dua Lipa,28228768,https://open.spotify.com/track/6WrI0LAC5M1Rw2MnX2ZvEg,2020-01-23,4
1,Dance Monkey,Tones And I,48870726,https://open.spotify.com/track/1rgnBhdG2JDFTbYkYRZAku,2020-01-30,5
2,The Box,Roddy Ricch,46753969,https://open.spotify.com/track/0nbXyq5TXYPCO7pr3N8S4I,2020-01-30,5
3,Blinding Lights,The Weeknd,37841717,https://open.spotify.com/track/0sf12qNH5qcw8qpgymFOqD,2020-01-30,5
4,Tusa,KAROL G,37220495,https://open.spotify.com/track/7k4t7uLgtOxPwTpFmtJNTY,2020-01-30,5
5,Godzilla (feat. Juice WRLD),Eminem,36136822,https://open.spotify.com/track/7FIWs0pqAYbP91WWM0vlTQ,2020-01-30,5
6,Yummy,Justin Bieber,31623733,https://open.spotify.com/track/41L3O37CECZt3N7ziG2z7l,2020-01-30,5
7,Life Is Good (feat. Drake),Future,30860993,https://open.spotify.com/track/5yY9lUy8nbvjM1Uyo1Uqoc,2020-01-30,5
8,ROXANNE,Arizona Zervas,30372434,https://open.spotify.com/track/696DnlkuDOXcMAnKlTgXXK,2020-01-30,5
9,Falling,Trevor Daniel,29014454,https://open.spotify.com/track/4TnjEaWOeW0eKTKIEvJyCa,2020-01-30,5
10,Don't Start Now,Dua Lipa,28864493,https://open.spotify.com/track/6WrI0LAC5M1Rw2MnX2ZvEg,2020-01-30,5
1,Dance Monkey,Tones And I,46784119,https://open.spotify.com/track/1rgnBhdG2JDFTbYkYRZAku,2020-02-06,6
2,The Box,Roddy Ricch,46163456,https://open.spotify.com/track/0nbXyq5TXYPCO7pr3N8S4I,2020-02-06,6
3,Blinding Lights,The Weeknd,39499306,https://open.spotify.com/track/0sf12qNH5qcw8qpgymFOqD,2020-02-06,6
4,Tusa,KAROL G,34306204,https://open.spotify.com/track/7k4t7uLgtOxPwTpFmtJNTY,2020-02-06,6
5,Don't Start Now,Dua Lipa,31619914,https://open.spotify.com/track/6WrI0LAC5M1Rw2MnX2ZvEg,2020-02-06,6
6,Yummy,Justin Bieber,30271614,https://open.spotify.com/track/41L3O37CECZt3N7ziG2z7l,2020-02-06,6
7,Godzilla (feat. Juice WRLD),Eminem,29736238,https://open.spotify.com/track/7FIWs0pqAYbP91WWM0vlTQ,2020-02-06,6
8,Falling,Trevor Daniel,29261780,https://open.spotify.com/track/4TnjEaWOeW0eKTKIEvJyCa,2020-02-06,6
9,ROXANNE,Arizona Zervas,28640909,https://open.spotify.com/track/696DnlkuDOXcMAnKlTgXXK,2020-02-06,6
10,Life Is Good (feat. Drake),Future,28592972,https://open.spotify.com/track/5yY9lUy8nbvjM1Uyo1Uqoc,2020-02-06,6
1,The Box,Roddy Ricch,46164667,https://open.spotify.com/track/0nbXyq5TXYPCO7pr3N8S4I,2020-02-13,7
2,Dance Monkey,Tones And I,45693114,https://open.spotify.com/track/1rgnBhdG2JDFTbYkYRZAku,2020-02-13,7
3,Blinding Lights,The Weeknd,41937435,https://open.spotify.com/track/0sf12qNH5qcw8qpgymFOqD,2020-02-13,7
4,Don't Start Now,Dua Lipa,34359604,https://open.spotify.com/track/6WrI0LAC5M1Rw2MnX2ZvEg,2020-02-13,7
5,Tusa,KAROL G,32155090,https://open.spotify.com/track/7k4t7uLgtOxPwTpFmtJNTY,2020-02-13,7
6,Falling,Trevor Daniel,29862206,https://open.spotify.com/track/4TnjEaWOeW0eKTKIEvJyCa,2020-02-13,7
7,Intentions,Justin Bieber,28509534,https://open.spotify.com/track/364dI1bYnvamSnBJ8JcNzN,2020-02-13,7
8,ROXANNE,Arizona Zervas,28176456,https://open.spotify.com/track/696DnlkuDOXcMAnKlTgXXK,2020-02-13,7
9,Life Is Good (feat. Drake),Future,28155037,https://open.spotify.com/track/5yY9lUy8nbvjM1Uyo1Uqoc,2020-02-13,7
10,Yummy,Justin Bieber,27220580,https://open.spotify.com/track/41L3O37CECZt3N7ziG2z7l,2020-02-13,7
1,Dance Monkey,Tones And I,43692654,https://open.spotify.com/track/1rgnBhdG2JDFTbYkYRZAku,2020-02-20,8
2,The Box,Roddy Ricch,42387090,https://open.spotify.com/track/0nbXyq5TXYPCO7pr3N8S4I,2020-02-20,8
3,Blinding Lights,The Weeknd,42033465,https://open.spotify.com/track/0sf12qNH5qcw8qpgymFOqD,2020-02-20,8
4,No Time To Die,Billie Eilish,36473566,https://open.spotify.com/track/73SpzrcaHk0RQPFP73vqVR,2020-02-20,8
5,Intentions (feat. Quavo),Justin Bieber,35379447,https://open.spotify.com/track/4umIPjkehX1r7uhmGvXiSV,2020-02-20,8
6,Don't Start Now,Dua Lipa,32931653,https://open.spotify.com/track/6WrI0LAC5M1Rw2MnX2ZvEg,2020-02-20,8
7,Yummy,Justin Bieber,29921795,https://open.spotify.com/track/16wAOAZ2OkqoIDN7TpChjR,2020-02-20,8
8,Tusa,KAROL G,29849584,https://open.spotify.com/track/7k4t7uLgtOxPwTpFmtJNTY,2020-02-20,8
9,Falling,Trevor Daniel,28709550,https://open.spotify.com/track/4TnjEaWOeW0eKTKIEvJyCa,2020-02-20,8
10,ROXANNE,Arizona Zervas,27052997,https://open.spotify.com/track/696DnlkuDOXcMAnKlTgXXK,2020-02-20,8
1,Blinding Lights,The Weeknd,43653241,https://open.spotify.com/track/0sf12qNH5qcw8qpgymFOqD,2020-02-27,9
2,Dance Monkey,Tones And I,40578037,https://open.spotify.com/track/1rgnBhdG2JDFTbYkYRZAku,2020-02-27,9
3,The Box,Roddy Ricch,39857901,https://open.spotify.com/track/0nbXyq5TXYPCO7pr3N8S4I,2020-02-27,9
4,Don't Start Now,Dua Lipa,32565008,https://open.spotify.com/track/6WrI0LAC5M1Rw2MnX2ZvEg,2020-02-27,9
5,Intentions (feat. Quavo),Justin Bieber,31250257,https://open.spotify.com/track/4umIPjkehX1r7uhmGvXiSV,2020-02-27,9
6,Tusa,KAROL G,28807586,https://open.spotify.com/track/7k4t7uLgtOxPwTpFmtJNTY,2020-02-27,9
7,After Hours,The Weeknd,27647920,https://open.spotify.com/track/4ejyZ4uJEXUURcgKp1kP8v,2020-02-27,9
8,Falling,Trevor Daniel,26592499,https://open.spotify.com/track/4TnjEaWOeW0eKTKIEvJyCa,2020-02-27,9
9,ROXANNE,Arizona Zervas,25517030,https://open.spotify.com/track/696DnlkuDOXcMAnKlTgXXK,2020-02-27,9
10,No Time To Die,Billie Eilish,25455582,https://open.spotify.com/track/73SpzrcaHk0RQPFP73vqVR,2020-02-27,9
1,Blinding Lights,The Weeknd,43316941,https://open.spotify.com/track/0sf12qNH5qcw8qpgymFOqD,2020-03-05,10
2,The Box,Roddy Ricch,39070218,https://open.spotify.com/track/0nbXyq5TXYPCO7pr3N8S4I,2020-03-05,10
3,Dance Monkey,Tones And I,38072447,https://open.spotify.com/track/1rgnBhdG2JDFTbYkYRZAku,2020-03-05,10
4,Don't Start Now,Dua Lipa,33460126,https://open.spotify.com/track/6WrI0LAC5M1Rw2MnX2ZvEg,2020-03-05,10
5,Intentions (feat. Quavo),Justin Bieber,29542408,https://open.spotify.com/track/4umIPjkehX1r7uhmGvXiSV,2020-03-05,10
6,Ignorantes,Bad Bunny,29245976,https://open.spotify.com/track/38RIEav39FGi86jppxO0du,2020-03-05,10
7,La Dificil,Bad Bunny,27543705,https://open.spotify.com/track/6NfrH0ANGmgBXyxgV2PeXt,2020-03-05,10
8,Tusa,KAROL G,27008232,https://open.spotify.com/track/7k4t7uLgtOxPwTpFmtJNTY,2020-03-05,10
9,Si Veo a Tu Mama,Bad Bunny,26149940,https://open.spotify.com/track/41wtwzCZkXwpnakmwJ239F,2020-03-05,10
10,Say So,Doja Cat,25776622,https://open.spotify.com/track/3Dv1eDb0MEgF93GpLXlucZ,2020-03-05,10
1,Blinding Lights,The Weeknd,41066317,https://open.spotify.com/track/0sf12qNH5qcw8qpgymFOqD,2020-03-12,11
2,The Box,Roddy Ricch,37470185,https://open.spotify.com/track/0nbXyq5TXYPCO7pr3N8S4I,2020-03-12,11
3,Dance Monkey,Tones And I,36071262,https://open.spotify.com/track/1rgnBhdG2JDFTbYkYRZAku,2020-03-12,11
4,Don't Start Now,Dua Lipa,32169572,https://open.spotify.com/track/6WrI0LAC5M1Rw2MnX2ZvEg,2020-03-12,11
5,La Dificil,Bad Bunny,29598307,https://open.spotify.com/track/6NfrH0ANGmgBXyxgV2PeXt,2020-03-12,11
6,Intentions (feat. Quavo),Justin Bieber,27261529,https://open.spotify.com/track/4umIPjkehX1r7uhmGvXiSV,2020-03-12,11
7,Si Veo a Tu Mama,Bad Bunny,25902740,https://open.spotify.com/track/41wtwzCZkXwpnakmwJ239F,2020-03-12,11
8,Say So,Doja Cat,25693166,https://open.spotify.com/track/3Dv1eDb0MEgF93GpLXlucZ,2020-03-12,11
9,Tusa,KAROL G,25559126,https://open.spotify.com/track/7k4t7uLgtOxPwTpFmtJNTY,2020-03-12,11
10,Ignorantes,Bad Bunny,24557120,https://open.spotify.com/track/38RIEav39FGi86jppxO0du,2020-03-12,11
1,Blinding Lights,The Weeknd,38959007,https://open.spotify.com/track/0sf12qNH5qcw8qpgymFOqD,2020-03-19,12
2,The Box,Roddy Ricch,36721509,https://open.spotify.com/track/0nbXyq5TXYPCO7pr3N8S4I,2020-03-19,12
3,Dance Monkey,Tones And I,33770756,https://open.spotify.com/track/1rgnBhdG2JDFTbYkYRZAku,2020-03-19,12
4,Don't Start Now,Dua Lipa,30233523,https://open.spotify.com/track/6WrI0LAC5M1Rw2MnX2ZvEg,2020-03-19,12
5,Intentions (feat. Quavo),Justin Bieber,24846055,https://open.spotify.com/track/4umIPjkehX1r7uhmGvXiSV,2020-03-19,12
6,Say So,Doja Cat,24636152,https://open.spotify.com/track/3Dv1eDb0MEgF93GpLXlucZ,2020-03-19,12
7,Falling,Trevor Daniel,23410869,https://open.spotify.com/track/4TnjEaWOeW0eKTKIEvJyCa,2020-03-19,12
8,Tusa,KAROL G,23183142,https://open.spotify.com/track/7k4t7uLgtOxPwTpFmtJNTY,2020-03-19,12
9,Safaera,Bad Bunny,22886729,https://open.spotify.com/track/2DEZmgHKAvm41k4J3R2E9Y,2020-03-19,12
10,La Dificil,Bad Bunny,22423602,https://open.spotify.com/track/6NfrH0ANGmgBXyxgV2PeXt,2020-03-19,12
1,Blinding Lights,The Weeknd,52375259,https://open.spotify.com/track/0VjIjW4GlUZAMYd2vXMi3b,2020-03-26,13
2,The Box,Roddy Ricch,33753609,https://open.spotify.com/track/0nbXyq5TXYPCO7pr3N8S4I,2020-03-26,13
3,Dance Monkey,Tones And I,31463007,https://open.spotify.com/track/1rgnBhdG2JDFTbYkYRZAku,2020-03-26,13
4,Don't Start Now,Dua Lipa,29155117,https://open.spotify.com/track/6WrI0LAC5M1Rw2MnX2ZvEg,2020-03-26,13
5,Roses - Imanbek Remix,SAINt JHN,26653236,https://open.spotify.com/track/24Yi9hE78yPEbZ4kxyoXAI,2020-03-26,13
6,In Your Eyes,The Weeknd,26303039,https://open.spotify.com/track/7szuecWAPwGoV1e5vGu8tl,2020-03-26,13
7,death bed (coffee for your head),Powfu,25224363,https://open.spotify.com/track/7eJMfftS33KTjuF7lTsMCx,2020-03-26,13
8,Say So,Doja Cat,24483960,https://open.spotify.com/track/3Dv1eDb0MEgF93GpLXlucZ,2020-03-26,13
9,Intentions (feat. Quavo),Justin Bieber,23572775,https://open.spotify.com/track/4umIPjkehX1r7uhmGvXiSV,2020-03-26,13
10,After Hours,The Weeknd,22128235,https://open.spotify.com/track/2p8IUWQDrpjuFltbdgLOag,2020-03-26,13
1,Blinding Lights,The Weeknd,46779503,https://open.spotify.com/track/0VjIjW4GlUZAMYd2vXMi3b,2020-04-02,14
2,Don't Start Now,Dua Lipa,37779776,https://open.spotify.com/track/3PfIrDoz19wz7qK7tYeu62,2020-04-02,14
3,Roses - Imanbek Remix,SAINt JHN,32190834,https://open.spotify.com/track/24Yi9hE78yPEbZ4kxyoXAI,2020-04-02,14
4,The Box,Roddy Ricch,31653811,https://open.spotify.com/track/0nbXyq5TXYPCO7pr3N8S4I,2020-04-02,14
5,Dance Monkey,Tones And I,29885504,https://open.spotify.com/track/1rgnBhdG2JDFTbYkYRZAku,2020-04-02,14
6,death bed (coffee for your head),Powfu,27959285,https://open.spotify.com/track/7eJMfftS33KTjuF7lTsMCx,2020-04-02,14
7,Break My Heart,Dua Lipa,25320233,https://open.spotify.com/track/017PF4Q3l4DBUiWoXk4OWT,2020-04-02,14
8,Say So,Doja Cat,24515508,https://open.spotify.com/track/3Dv1eDb0MEgF93GpLXlucZ,2020-04-02,14
9,Intentions (feat. Quavo),Justin Bieber,23456128,https://open.spotify.com/track/4umIPjkehX1r7uhmGvXiSV,2020-04-02,14
10,Blueberry Faygo,Lil Mosey,23094739,https://open.spotify.com/track/22LAwLoDA5b4AaGSkg6bKW,2020-04-02,14
1,Blinding Lights,The Weeknd,45847200,https://open.spotify.com/track/0VjIjW4GlUZAMYd2vXMi3b,2020-04-09,15
2,Toosie Slide,Drake,45292273,https://open.spotify.com/track/127QTOFJsJQp5LbJbu3A1y,2020-04-09,15
3,Roses - Imanbek Remix,SAINt JHN,35360782,https://open.spotify.com/track/24Yi9hE78yPEbZ4kxyoXAI,2020-04-09,15
4,Don't Start Now,Dua Lipa,33990470,https://open.spotify.com/track/3PfIrDoz19wz7qK7tYeu62,2020-04-09,15
5,The Box,Roddy Ricch,30733614,https://open.spotify.com/track/0nbXyq5TXYPCO7pr3N8S4I,2020-04-09,15
6,death bed (coffee for your head),Powfu,29768334,https://open.spotify.com/track/7eJMfftS33KTjuF7lTsMCx,2020-04-09,15
7,Dance Monkey,Tones And I,29244907,https://open.spotify.com/track/1rgnBhdG2JDFTbYkYRZAku,2020-04-09,15
8,Blueberry Faygo,Lil Mosey,25502966,https://open.spotify.com/track/22LAwLoDA5b4AaGSkg6bKW,2020-04-09,15
9,Say So,Doja Cat,23883417,https://open.spotify.com/track/3Dv1eDb0MEgF93GpLXlucZ,2020-04-09,15
10,Intentions (feat. Quavo),Justin Bieber,21653442,https://open.spotify.com/track/4umIPjkehX1r7uhmGvXiSV,2020-04-09,15
1,Blinding Lights,The Weeknd,43296504,https://open.spotify.com/track/0VjIjW4GlUZAMYd2vXMi3b,2020-04-16,16
2,Toosie Slide,Drake,43153861,https://open.spotify.com/track/127QTOFJsJQp5LbJbu3A1y,2020-04-16,16
3,Roses - Imanbek Remix,SAINt JHN,35069879,https://open.spotify.com/track/24Yi9hE78yPEbZ4kxyoXAI,2020-04-16,16
4,Don't Start Now,Dua Lipa,31564263,https://open.spotify.com/track/3PfIrDoz19wz7qK7tYeu62,2020-04-16,16
5,death bed (coffee for your head),Powfu,30190541,https://open.spotify.com/track/7eJMfftS33KTjuF7lTsMCx,2020-04-16,16
6,The Box,Roddy Ricch,28512193,https://open.spotify.com/track/0nbXyq5TXYPCO7pr3N8S4I,2020-04-16,16
7,Dance Monkey,Tones And I,27266663,https://open.spotify.com/track/1rgnBhdG2JDFTbYkYRZAku,2020-04-16,16
8,Blueberry Faygo,Lil Mosey,25687351,https://open.spotify.com/track/22LAwLoDA5b4AaGSkg6bKW,2020-04-16,16
9,Say So,Doja Cat,23386803,https://open.spotify.com/track/3Dv1eDb0MEgF93GpLXlucZ,2020-04-16,16
10,Break My Heart,Dua Lipa,20576047,https://open.spotify.com/track/017PF4Q3l4DBUiWoXk4OWT,2020-04-16,16
1,Blinding Lights,The Weeknd,42335028,https://open.spotify.com/track/0VjIjW4GlUZAMYd2vXMi3b,2020-04-23,17
2,Toosie Slide,Drake,38242621,https://open.spotify.com/track/127QTOFJsJQp5LbJbu3A1y,2020-04-23,17
3,Roses - Imanbek Remix,SAINt JHN,34732785,https://open.spotify.com/track/24Yi9hE78yPEbZ4kxyoXAI,2020-04-23,17
4,death bed (coffee for your head),Powfu,30329811,https://open.spotify.com/track/7eJMfftS33KTjuF7lTsMCx,2020-04-23,17
5,Don't Start Now,Dua Lipa,29891608,https://open.spotify.com/track/3PfIrDoz19wz7qK7tYeu62,2020-04-23,17
6,Dance Monkey,Tones And I,26584647,https://open.spotify.com/track/1rgnBhdG2JDFTbYkYRZAku,2020-04-23,17
7,The Box,Roddy Ricch,26557289,https://open.spotify.com/track/0nbXyq5TXYPCO7pr3N8S4I,2020-04-23,17
8,Blueberry Faygo,Lil Mosey,25265589,https://open.spotify.com/track/22LAwLoDA5b4AaGSkg6bKW,2020-04-23,17
9,Say So,Doja Cat,23062125,https://open.spotify.com/track/3Dv1eDb0MEgF93GpLXlucZ,2020-04-23,17
10,ROCKSTAR (feat. Roddy Ricch),DaBaby,20077654,https://open.spotify.com/track/7ytR5pFWmSjzHJIeQkgog4,2020-04-23,17
1,THE SCOTTS,THE SCOTTS,48430814,https://open.spotify.com/track/39Yp9wwQiSRIDOvrVg7mbk,2020-04-30,18
2,Blinding Lights,The Weeknd,39815380,https://open.spotify.com/track/0VjIjW4GlUZAMYd2vXMi3b,2020-04-30,18
3,Roses - Imanbek Remix,SAINt JHN,33715483,https://open.spotify.com/track/24Yi9hE78yPEbZ4kxyoXAI,2020-04-30,18
4,Toosie Slide,Drake,33319125,https://open.spotify.com/track/127QTOFJsJQp5LbJbu3A1y,2020-04-30,18
5,death bed (coffee for your head),Powfu,28723959,https://open.spotify.com/track/7eJMfftS33KTjuF7lTsMCx,2020-04-30,18
6,Don't Start Now,Dua Lipa,27328676,https://open.spotify.com/track/3PfIrDoz19wz7qK7tYeu62,2020-04-30,18
7,SICKO MODE,Travis Scott,24424239,https://open.spotify.com/track/2xLMifQCjDGFmkHkpNLD9h,2020-04-30,18
8,The Box,Roddy Ricch,24176908,https://open.spotify.com/track/0nbXyq5TXYPCO7pr3N8S4I,2020-04-30,18
9,Dance Monkey,Tones And I,24035263,https://open.spotify.com/track/1rgnBhdG2JDFTbYkYRZAku,2020-04-30,18
10,Righteous,Juice WRLD,23233286,https://open.spotify.com/track/0OyQns5ayNK2OVaES0Vb8t,2020-04-30,18
1,Blinding Lights,The Weeknd,38464931,https://open.spotify.com/track/0VjIjW4GlUZAMYd2vXMi3b,2020-05-07,19
2,Toosie Slide,Drake,37583329,https://open.spotify.com/track/466cKvZn1j45IpxDdYZqdA,2020-05-07,19
3,THE SCOTTS,THE SCOTTS,35903259,https://open.spotify.com/track/39Yp9wwQiSRIDOvrVg7mbk,2020-05-07,19
4,Roses - Imanbek Remix,SAINt JHN,33511709,https://open.spotify.com/track/24Yi9hE78yPEbZ4kxyoXAI,2020-05-07,19
5,death bed (coffee for your head),Powfu,28117111,https://open.spotify.com/track/7eJMfftS33KTjuF7lTsMCx,2020-05-07,19
6,Don't Start Now,Dua Lipa,25769315,https://open.spotify.com/track/3PfIrDoz19wz7qK7tYeu62,2020-05-07,19
7,ROCKSTAR (feat. Roddy Ricch),DaBaby,23563124,https://open.spotify.com/track/7ytR5pFWmSjzHJIeQkgog4,2020-05-07,19
8,Dance Monkey,Tones And I,22847376,https://open.spotify.com/track/1rgnBhdG2JDFTbYkYRZAku,2020-05-07,19
9,The Box,Roddy Ricch,22749571,https://open.spotify.com/track/0nbXyq5TXYPCO7pr3N8S4I,2020-05-07,19
10,Blueberry Faygo,Lil Mosey,22071945,https://open.spotify.com/track/22LAwLoDA5b4AaGSkg6bKW,2020-05-07,19
1,Blinding Lights,The Weeknd,37363418,https://open.spotify.com/track/0VjIjW4GlUZAMYd2vXMi3b,2020-05-14,20
2,Stuck with U (with Justin Bieber),Ariana Grande,34310359,https://open.spotify.com/track/4HBZA5flZLE435QTztThqH,2020-05-14,20
3,Roses - Imanbek Remix,SAINt JHN,32545783,https://open.spotify.com/track/24Yi9hE78yPEbZ4kxyoXAI,2020-05-14,20
4,GOOBA,6ix9ine,30772787,https://open.spotify.com/track/4NhDYoQTYCdWHTvlbGVgwo,2020-05-14,20
5,Toosie Slide,Drake,30578884,https://open.spotify.com/track/466cKvZn1j45IpxDdYZqdA,2020-05-14,20
6,ROCKSTAR (feat. Roddy Ricch),DaBaby,29838252,https://open.spotify.com/track/7ytR5pFWmSjzHJIeQkgog4,2020-05-14,20
7,THE SCOTTS,THE SCOTTS,29548085,https://open.spotify.com/track/39Yp9wwQiSRIDOvrVg7mbk,2020-05-14,20
8,death bed (coffee for your head),Powfu,27518769,https://open.spotify.com/track/7eJMfftS33KTjuF7lTsMCx,2020-05-14,20
9,Don't Start Now,Dua Lipa,23981581,https://open.spotify.com/track/3PfIrDoz19wz7qK7tYeu62,2020-05-14,20
10,Dance Monkey,Tones And I,21616598,https://open.spotify.com/track/1rgnBhdG2JDFTbYkYRZAku,2020-05-14,20
1,Blinding Lights,The Weeknd,37691387,https://open.spotify.com/track/0VjIjW4GlUZAMYd2vXMi3b,2020-05-21,21
2,ROCKSTAR (feat. Roddy Ricch),DaBaby,35184237,https://open.spotify.com/track/7ytR5pFWmSjzHJIeQkgog4,2020-05-21,21
3,Roses - Imanbek Remix,SAINt JHN,32559002,https://open.spotify.com/track/24Yi9hE78yPEbZ4kxyoXAI,2020-05-21,21
4,Toosie Slide,Drake,28135263,https://open.spotify.com/track/466cKvZn1j45IpxDdYZqdA,2020-05-21,21
5,death bed (coffee for your head),Powfu,27735375,https://open.spotify.com/track/7eJMfftS33KTjuF7lTsMCx,2020-05-21,21
6,GOOBA,6ix9ine,26629015,https://open.spotify.com/track/4NhDYoQTYCdWHTvlbGVgwo,2020-05-21,21
7,THE SCOTTS,THE SCOTTS,26325397,https://open.spotify.com/track/39Yp9wwQiSRIDOvrVg7mbk,2020-05-21,21
8,Stuck with U (with Justin Bieber),Ariana Grande,25771347,https://open.spotify.com/track/4HBZA5flZLE435QTztThqH,2020-05-21,21
9,Don't Start Now,Dua Lipa,23461073,https://open.spotify.com/track/3PfIrDoz19wz7qK7tYeu62,2020-05-21,21
10,Dance Monkey,Tones And I,21432028,https://open.spotify.com/track/1rgnBhdG2JDFTbYkYRZAku,2020-05-21,21
1,Rain On Me (with Ariana Grande),Lady Gaga,41627044,https://open.spotify.com/track/24ySl2hOPGCDcxBxFIqWBu,2020-05-28,22
2,ROCKSTAR (feat. Roddy Ricch),DaBaby,36899304,https://open.spotify.com/track/7ytR5pFWmSjzHJIeQkgog4,2020-05-28,22
3,Blinding Lights,The Weeknd,36790462,https://open.spotify.com/track/0VjIjW4GlUZAMYd2vXMi3b,2020-05-28,22
4,Roses - Imanbek Remix,SAINt JHN,31501096,https://open.spotify.com/track/24Yi9hE78yPEbZ4kxyoXAI,2020-05-28,22
5,death bed (coffee for your head),Powfu,27032847,https://open.spotify.com/track/7eJMfftS33KTjuF7lTsMCx,2020-05-28,22
6,Toosie Slide,Drake,25887943,https://open.spotify.com/track/466cKvZn1j45IpxDdYZqdA,2020-05-28,22
7,THE SCOTTS,THE SCOTTS,24289864,https://open.spotify.com/track/39Yp9wwQiSRIDOvrVg7mbk,2020-05-28,22
8,Don't Start Now,Dua Lipa,22476417,https://open.spotify.com/track/3PfIrDoz19wz7qK7tYeu62,2020-05-28,22
9,Stuck with U (with Justin Bieber),Ariana Grande,21423623,https://open.spotify.com/track/4HBZA5flZLE435QTztThqH,2020-05-28,22
10,GOOBA,6ix9ine,21143946,https://open.spotify.com/track/4NhDYoQTYCdWHTvlbGVgwo,2020-05-28,22
1,ROCKSTAR (feat. Roddy Ricch),DaBaby,38506427,https://open.spotify.com/track/7ytR5pFWmSjzHJIeQkgog4,2020-06-04,23
2,Rain On Me (with Ariana Grande),Lady Gaga,35663484,https://open.spotify.com/track/7ju97lgwC2rKQ6wwsf9no9,2020-06-04,23
3,Blinding Lights,The Weeknd,35568808,https://open.spotify.com/track/0VjIjW4GlUZAMYd2vXMi3b,2020-06-04,23
4,Roses - Imanbek Remix,SAINt JHN,30596452,https://open.spotify.com/track/24Yi9hE78yPEbZ4kxyoXAI,2020-06-04,23
5,Sour Candy (with BLACKPINK),Lady Gaga,27584074,https://open.spotify.com/track/1IWNylpZ477gIVUDpJL66u,2020-06-04,23
6,Toosie Slide,Drake,27360770,https://open.spotify.com/track/466cKvZn1j45IpxDdYZqdA,2020-06-04,23
7,death bed (coffee for your head),Powfu,25863019,https://open.spotify.com/track/7eJMfftS33KTjuF7lTsMCx,2020-06-04,23
8,Don't Start Now,Dua Lipa,21283617,https://open.spotify.com/track/3PfIrDoz19wz7qK7tYeu62,2020-06-04,23
9,THE SCOTTS,THE SCOTTS,20840089,https://open.spotify.com/track/39Yp9wwQiSRIDOvrVg7mbk,2020-06-04,23
10,Dance Monkey,Tones And I,20294822,https://open.spotify.com/track/1rgnBhdG2JDFTbYkYRZAku,2020-06-04,23
1,ROCKSTAR (feat. Roddy Ricch),DaBaby,37619518,https://open.spotify.com/track/7ytR5pFWmSjzHJIeQkgog4,2020-06-11,24
2,Blinding Lights,The Weeknd,33753172,https://open.spotify.com/track/0VjIjW4GlUZAMYd2vXMi3b,2020-06-11,24
3,Roses - Imanbek Remix,SAINt JHN,28954454,https://open.spotify.com/track/24Yi9hE78yPEbZ4kxyoXAI,2020-06-11,24
4,Rain On Me (with Ariana Grande),Lady Gaga,26624649,https://open.spotify.com/track/7ju97lgwC2rKQ6wwsf9no9,2020-06-11,24
5,Toosie Slide,Drake,24705968,https://open.spotify.com/track/466cKvZn1j45IpxDdYZqdA,2020-06-11,24
6,death bed (coffee for your head),Powfu,24395393,https://open.spotify.com/track/7eJMfftS33KTjuF7lTsMCx,2020-06-11,24
7,Don't Start Now,Dua Lipa,20652045,https://open.spotify.com/track/3PfIrDoz19wz7qK7tYeu62,2020-06-11,24
8,Dance Monkey,Tones And I,19887198,https://open.spotify.com/track/1rgnBhdG2JDFTbYkYRZAku,2020-06-11,24
9,ily (i love you baby) (feat. Emilee),Surf Mesa,18723743,https://open.spotify.com/track/62aP9fBQKYKxi7PDXwcUAS,2020-06-11,24
10,THE SCOTTS,THE SCOTTS,18697295,https://open.spotify.com/track/39Yp9wwQiSRIDOvrVg7mbk,2020-06-11,24
1,Blinding Lights,The Weeknd,34399758,https://open.spotify.com/track/0VjIjW4GlUZAMYd2vXMi3b,2020-06-18,25
2,ROCKSTAR (feat. Roddy Ricch),DaBaby,34326806,https://open.spotify.com/track/7ytR5pFWmSjzHJIeQkgog4,2020-06-18,25
3,Roses - Imanbek Remix,SAINt JHN,29288439,https://open.spotify.com/track/24Yi9hE78yPEbZ4kxyoXAI,2020-06-18,25
4,Rain On Me (with Ariana Grande),Lady Gaga,25232029,https://open.spotify.com/track/7ju97lgwC2rKQ6wwsf9no9,2020-06-18,25
5,death bed (coffee for your head),Powfu,23974073,https://open.spotify.com/track/7eJMfftS33KTjuF7lTsMCx,2020-06-18,25
6,Toosie Slide,Drake,23866968,https://open.spotify.com/track/466cKvZn1j45IpxDdYZqdA,2020-06-18,25
7,Watermelon Sugar,Harry Styles,20988333,https://open.spotify.com/track/6UelLqGlWMcVH1E5c4H7lY,2020-06-18,25
8,Don't Start Now,Dua Lipa,20385467,https://open.spotify.com/track/3PfIrDoz19wz7qK7tYeu62,2020-06-18,25
9,Party Girl,StaySolidRocky,20354126,https://open.spotify.com/track/5RqR4ZCCKJDcBLIn4sih9l,2020-06-18,25
10,ily (i love you baby) (feat. Emilee),Surf Mesa,19430546,https://open.spotify.com/track/62aP9fBQKYKxi7PDXwcUAS,2020-06-18,25
1,ROCKSTAR (feat. Roddy Ricch),DaBaby,37371773,https://open.spotify.com/track/7ytR5pFWmSjzHJIeQkgog4,2020-06-25,26
2,Blinding Lights,The Weeknd,32976788,https://open.spotify.com/track/0VjIjW4GlUZAMYd2vXMi3b,2020-06-25,26
3,Roses - Imanbek Remix,SAINt JHN,28290913,https://open.spotify.com/track/24Yi9hE78yPEbZ4kxyoXAI,2020-06-25,26
4,death bed (coffee for your head),Powfu,23021129,https://open.spotify.com/track/7eJMfftS33KTjuF7lTsMCx,2020-06-25,26
5,Rain On Me (with Ariana Grande),Lady Gaga,22950283,https://open.spotify.com/track/7ju97lgwC2rKQ6wwsf9no9,2020-06-25,26
6,Savage Love (Laxed - Siren Beat),Jawsh 685,22740503,https://open.spotify.com/track/1xQ6trAsedVPCdbtDAmk0c,2020-06-25,26
7,Watermelon Sugar,Harry Styles,22472958,https://open.spotify.com/track/6UelLqGlWMcVH1E5c4H7lY,2020-06-25,26
8,Toosie Slide,Drake,21834174,https://open.spotify.com/track/466cKvZn1j45IpxDdYZqdA,2020-06-25,26
9,Don't Start Now,Dua Lipa,19345469,https://open.spotify.com/track/3PfIrDoz19wz7qK7tYeu62,2020-06-25,26
10,Party Girl,StaySolidRocky,19272652,https://open.spotify.com/track/5RqR4ZCCKJDcBLIn4sih9l,2020-06-25,26
1,ROCKSTAR (feat. Roddy Ricch),DaBaby,37785236,https://open.spotify.com/track/7ytR5pFWmSjzHJIeQkgog4,2020-07-02,27
2,Blinding Lights,The Weeknd,32272255,https://open.spotify.com/track/0VjIjW4GlUZAMYd2vXMi3b,2020-07-02,27
3,Savage Love (Laxed - Siren Beat),Jawsh 685,31355874,https://open.spotify.com/track/1xQ6trAsedVPCdbtDAmk0c,2020-07-02,27
4,How You Like That,BLACKPINK,28978705,https://open.spotify.com/track/3vAn0qZzdyuHamcrpkfiX3,2020-07-02,27
5,Roses - Imanbek Remix,SAINt JHN,27653634,https://open.spotify.com/track/24Yi9hE78yPEbZ4kxyoXAI,2020-07-02,27
6,Watermelon Sugar,Harry Styles,24623718,https://open.spotify.com/track/6UelLqGlWMcVH1E5c4H7lY,2020-07-02,27
7,death bed (coffee for your head),Powfu,22131026,https://open.spotify.com/track/7eJMfftS33KTjuF7lTsMCx,2020-07-02,27
8,Rain On Me (with Ariana Grande),Lady Gaga,21527236,https://open.spotify.com/track/7ju97lgwC2rKQ6wwsf9no9,2020-07-02,27
9,Toosie Slide,Drake,20775691,https://open.spotify.com/track/466cKvZn1j45IpxDdYZqdA,2020-07-02,27
10,Dance Monkey,Tones And I,19043383,https://open.spotify.com/track/1rgnBhdG2JDFTbYkYRZAku,2020-07-02,27
1,ROCKSTAR (feat. Roddy Ricch),DaBaby,38114397,https://open.spotify.com/track/7ytR5pFWmSjzHJIeQkgog4,2020-07-09,28
2,Savage Love (Laxed - Siren Beat),Jawsh 685,34310255,https://open.spotify.com/track/1xQ6trAsedVPCdbtDAmk0c,2020-07-09,28
3,Blinding Lights,The Weeknd,32065431,https://open.spotify.com/track/0VjIjW4GlUZAMYd2vXMi3b,2020-07-09,28
4,Roses - Imanbek Remix,SAINt JHN,26839589,https://open.spotify.com/track/24Yi9hE78yPEbZ4kxyoXAI,2020-07-09,28
5,Watermelon Sugar,Harry Styles,26154801,https://open.spotify.com/track/6UelLqGlWMcVH1E5c4H7lY,2020-07-09,28
6,How You Like That,BLACKPINK,21246346,https://open.spotify.com/track/3vAn0qZzdyuHamcrpkfiX3,2020-07-09,28
7,death bed (coffee for your head),Powfu,20943981,https://open.spotify.com/track/7eJMfftS33KTjuF7lTsMCx,2020-07-09,28
8,Rain On Me (with Ariana Grande),Lady Gaga,20664494,https://open.spotify.com/track/7ju97lgwC2rKQ6wwsf9no9,2020-07-09,28
9,Breaking Me,Topic,19348054,https://open.spotify.com/track/3H7ihDc1dqLriiWXwsc2po,2020-07-09,28
10,Toosie Slide,Drake,19131669,https://open.spotify.com/track/466cKvZn1j45IpxDdYZqdA,2020-07-09,28
1,ROCKSTAR (feat. Roddy Ricch),DaBaby,36999793,https://open.spotify.com/track/7ytR5pFWmSjzHJIeQkgog4,2020-07-16,29
2,Savage Love (Laxed - Siren Beat),Jawsh 685,34262951,https://open.spotify.com/track/1xQ6trAsedVPCdbtDAmk0c,2020-07-16,29
3,Blinding Lights,The Weeknd,30727192,https://open.spotify.com/track/0VjIjW4GlUZAMYd2vXMi3b,2020-07-16,29
4,Come & Go (with Marshmello),Juice WRLD,30027587,https://open.spotify.com/track/7y7w4tl4MaRC2UMEj1mPtr,2020-07-16,29
5,Watermelon Sugar,Harry Styles,26440765,https://open.spotify.com/track/6UelLqGlWMcVH1E5c4H7lY,2020-07-16,29
6,Roses - Imanbek Remix,SAINt JHN,25447045,https://open.spotify.com/track/24Yi9hE78yPEbZ4kxyoXAI,2020-07-16,29
7,Wishing Well,Juice WRLD,25364600,https://open.spotify.com/track/6o3QUC5oAE4g6WxRIFcZtb,2020-07-16,29
8,Life's A Mess (feat. Halsey),Juice WRLD,23220482,https://open.spotify.com/track/4h5N4KyWZMtpeH9vhXSXjd,2020-07-16,29
9,Conversations,Juice WRLD,21350095,https://open.spotify.com/track/2fZTS0VboxRpF0FdfY7E5P,2020-07-16,29
10,Party Girl (Remix),StaySolidRocky,19978914,https://open.spotify.com/track/0XkmeG97T4mtYlWRJcrxec,2020-07-16,29
1,ROCKSTAR (feat. Roddy Ricch),DaBaby,35694103,https://open.spotify.com/track/7ytR5pFWmSjzHJIeQkgog4,2020-07-23,30
2,Savage Love (Laxed - Siren Beat),Jawsh 685,33897676,https://open.spotify.com/track/1xQ6trAsedVPCdbtDAmk0c,2020-07-23,30
3,Blinding Lights,The Weeknd,30485774,https://open.spotify.com/track/0VjIjW4GlUZAMYd2vXMi3b,2020-07-23,30
4,Watermelon Sugar,Harry Styles,26680752,https://open.spotify.com/track/6UelLqGlWMcVH1E5c4H7lY,2020-07-23,30
5,Roses - Imanbek Remix,SAINt JHN,24850657,https://open.spotify.com/track/24Yi9hE78yPEbZ4kxyoXAI,2020-07-23,30
6,Come & Go (with Marshmello),Juice WRLD,24370314,https://open.spotify.com/track/7y7w4tl4MaRC2UMEj1mPtr,2020-07-23,30
7,POPSTAR (feat. Drake),DJ Khaled,23212151,https://open.spotify.com/track/6EDO9iiTtwNv6waLwa1UUq,2020-07-23,30
8,Wishing Well,Juice WRLD,21316297,https://open.spotify.com/track/6o3QUC5oAE4g6WxRIFcZtb,2020-07-23,30
9,Breaking Me,Topic,20464143,https://open.spotify.com/track/3H7ihDc1dqLriiWXwsc2po,2020-07-23,30
10,death bed (coffee for your head),Powfu,18826393,https://open.spotify.com/track/7eJMfftS33KTjuF7lTsMCx,2020-07-23,30
1,cardigan,Taylor Swift,35783009,https://open.spotify.com/track/4R2kfaDFhslZEMJqAFNpdd,2020-07-30,31
2,ROCKSTAR (feat. Roddy Ricch),DaBaby,33271598,https://open.spotify.com/track/7ytR5pFWmSjzHJIeQkgog4,2020-07-30,31
3,Savage Love (Laxed - Siren Beat),Jawsh 685,32819332,https://open.spotify.com/track/1xQ6trAsedVPCdbtDAmk0c,2020-07-30,31
4,exile (feat. Bon Iver),Taylor Swift,30941803,https://open.spotify.com/track/4pvb0WLRcMtbPGmtejJJ6y,2020-07-30,31
5,the 1,Taylor Swift,29021470,https://open.spotify.com/track/0Jlcvv8IykzHaSmj49uNW8,2020-07-30,31
6,Blinding Lights,The Weeknd,28946511,https://open.spotify.com/track/0VjIjW4GlUZAMYd2vXMi3b,2020-07-30,31
7,Watermelon Sugar,Harry Styles,26158284,https://open.spotify.com/track/6UelLqGlWMcVH1E5c4H7lY,2020-07-30,31
8,the last great american dynasty,Taylor Swift,23514870,https://open.spotify.com/track/2Eeur20xVqfUoM3Q7EFPFt,2020-07-30,31
9,Roses - Imanbek Remix,SAINt JHN,23320345,https://open.spotify.com/track/24Yi9hE78yPEbZ4kxyoXAI,2020-07-30,31
10,my tears ricochet,Taylor Swift,23053435,https://open.spotify.com/track/1MgV7FIyNxIG7WzMRJV5HC,2020-07-30,31
1,Savage Love (Laxed - Siren Beat),Jawsh 685,32213438,https://open.spotify.com/track/1xQ6trAsedVPCdbtDAmk0c,2020-08-06,32
2,ROCKSTAR (feat. Roddy Ricch),DaBaby,31441573,https://open.spotify.com/track/7ytR5pFWmSjzHJIeQkgog4,2020-08-06,32
3,Blinding Lights,The Weeknd,28638630,https://open.spotify.com/track/0VjIjW4GlUZAMYd2vXMi3b,2020-08-06,32
4,Watermelon Sugar,Harry Styles,27694331,https://open.spotify.com/track/6UelLqGlWMcVH1E5c4H7lY,2020-08-06,32
5,my future,Billie Eilish,23520611,https://open.spotify.com/track/2ygvZOXrIeVL4xZmAWJT2C,2020-08-06,32
6,Roses - Imanbek Remix,SAINt JHN,22404832,https://open.spotify.com/track/2Wo6QQD1KMDWeFkkjLqwx5,2020-08-06,32
7,cardigan,Taylor Swift,21068173,https://open.spotify.com/track/4R2kfaDFhslZEMJqAFNpdd,2020-08-06,32
8,Breaking Me,Topic,19573547,https://open.spotify.com/track/3H7ihDc1dqLriiWXwsc2po,2020-08-06,32
9,Come & Go (with Marshmello),Juice WRLD,18755776,https://open.spotify.com/track/7y7w4tl4MaRC2UMEj1mPtr,2020-08-06,32
10,exile (feat. Bon Iver),Taylor Swift,18179589,https://open.spotify.com/track/4pvb0WLRcMtbPGmtejJJ6y,2020-08-06,32
1,Savage Love (Laxed - Siren Beat),Jawsh 685,32224412,https://open.spotify.com/track/1xQ6trAsedVPCdbtDAmk0c,2020-08-13,33
2,WAP (feat. Megan Thee Stallion),Cardi B,31011059,https://open.spotify.com/track/4Oun2ylbjFKMPTiaSbbCih,2020-08-13,33
3,ROCKSTAR (feat. Roddy Ricch),DaBaby,30538303,https://open.spotify.com/track/7ytR5pFWmSjzHJIeQkgog4,2020-08-13,33
4,Blinding Lights,The Weeknd,28462116,https://open.spotify.com/track/0VjIjW4GlUZAMYd2vXMi3b,2020-08-13,33
5,Watermelon Sugar,Harry Styles,28265526,https://open.spotify.com/track/6UelLqGlWMcVH1E5c4H7lY,2020-08-13,33
6,Roses - Imanbek Remix,SAINt JHN,21826721,https://open.spotify.com/track/2Wo6QQD1KMDWeFkkjLqwx5,2020-08-13,33
7,Smile (with The Weeknd),Juice WRLD,21517517,https://open.spotify.com/track/6wQlQrTY5mVS8EGaFZVwVF,2020-08-13,33
8,Breaking Me,Topic,20310909,https://open.spotify.com/track/3H7ihDc1dqLriiWXwsc2po,2020-08-13,33
9,Come & Go (with Marshmello),Juice WRLD,18228119,https://open.spotify.com/track/2Y0wPrPQBrGhoLn14xRYCG,2020-08-13,33
10,UN DIA (ONE DAY) (Feat. Tainy),J Balvin,17871914,https://open.spotify.com/track/0EhpEsp4L0oRGM0vmeaN5e,2020-08-13,33
1,WAP (feat. Megan Thee Stallion),Cardi B,40267123,https://open.spotify.com/track/4Oun2ylbjFKMPTiaSbbCih,2020-08-20,34
2,Laugh Now Cry Later (feat. Lil Durk),Drake,33016564,https://open.spotify.com/track/2SAqBLGA283SUiwJ3xOUVI,2020-08-20,34
3,Savage Love (Laxed - Siren Beat),Jawsh 685,30375182,https://open.spotify.com/track/1xQ6trAsedVPCdbtDAmk0c,2020-08-20,34
4,ROCKSTAR (feat. Roddy Ricch),DaBaby,28714069,https://open.spotify.com/track/7ytR5pFWmSjzHJIeQkgog4,2020-08-20,34
5,Watermelon Sugar,Harry Styles,27982035,https://open.spotify.com/track/6UelLqGlWMcVH1E5c4H7lY,2020-08-20,34
6,Blinding Lights,The Weeknd,27149149,https://open.spotify.com/track/0VjIjW4GlUZAMYd2vXMi3b,2020-08-20,34
7,Roses - Imanbek Remix,SAINt JHN,20717741,https://open.spotify.com/track/2Wo6QQD1KMDWeFkkjLqwx5,2020-08-20,34
8,Breaking Me,Topic,19564874,https://open.spotify.com/track/3H7ihDc1dqLriiWXwsc2po,2020-08-20,34
9,Smile (with The Weeknd),Juice WRLD,18342045,https://open.spotify.com/track/6wQlQrTY5mVS8EGaFZVwVF,2020-08-20,34
10,UN DIA (ONE DAY) (Feat. Tainy),J Balvin,17215322,https://open.spotify.com/track/0EhpEsp4L0oRGM0vmeaN5e,2020-08-20,34
1,WAP (feat. Megan Thee Stallion),Cardi B,43393301,https://open.spotify.com/track/4Oun2ylbjFKMPTiaSbbCih,2020-08-27,35
2,Dynamite,BTS,39904687,https://open.spotify.com/track/0v1x6rN6JHRapa03JElljE,2020-08-27,35
3,Hawai,Maluma,34742209,https://open.spotify.com/track/1yoMvmasuxZfqHEipJhRbp,2020-08-27,35
4,Savage Love (Laxed - Siren Beat),Jawsh 685,28578822,https://open.spotify.com/track/1xQ6trAsedVPCdbtDAmk0c,2020-08-27,35
5,Laugh Now Cry Later (feat. Lil Durk),Drake,28147650,https://open.spotify.com/track/2SAqBLGA283SUiwJ3xOUVI,2020-08-27,35
6,Watermelon Sugar,Harry Styles,27020894,https://open.spotify.com/track/6UelLqGlWMcVH1E5c4H7lY,2020-08-27,35
7,ROCKSTAR (feat. Roddy Ricch),DaBaby,26758858,https://open.spotify.com/track/7ytR5pFWmSjzHJIeQkgog4,2020-08-27,35
8,Blinding Lights,The Weeknd,26155206,https://open.spotify.com/track/0VjIjW4GlUZAMYd2vXMi3b,2020-08-27,35
9,Mood (feat. iann dior),24kGoldn,22753489,https://open.spotify.com/track/3tjFYV6RSFtuktYl3ZtYcq,2020-08-27,35
10,Roses - Imanbek Remix,SAINt JHN,19426641,https://open.spotify.com/track/2Wo6QQD1KMDWeFkkjLqwx5,2020-08-27,35
1,WAP (feat. Megan Thee Stallion),Cardi B,45977242,https://open.spotify.com/track/4Oun2ylbjFKMPTiaSbbCih,2020-09-03,36
2,Hawai,Maluma,41071843,https://open.spotify.com/track/1yoMvmasuxZfqHEipJhRbp,2020-09-03,36
3,Mood (feat. iann dior),24kGoldn,32748607,https://open.spotify.com/track/3tjFYV6RSFtuktYl3ZtYcq,2020-09-03,36
4,Dynamite,BTS,32014725,https://open.spotify.com/track/0t1kP63rueHleOhQkYSXFY,2020-09-03,36
5,Ice Cream (with Selena Gomez),BLACKPINK,27060455,https://open.spotify.com/track/2J4P46vCFm1rPkNkp9pZWX,2020-09-03,36
6,Savage Love (Laxed - Siren Beat),Jawsh 685,27014291,https://open.spotify.com/track/1xQ6trAsedVPCdbtDAmk0c,2020-09-03,36
7,Watermelon Sugar,Harry Styles,26563881,https://open.spotify.com/track/6UelLqGlWMcVH1E5c4H7lY,2020-09-03,36
8,Blinding Lights,The Weeknd,26535713,https://open.spotify.com/track/0VjIjW4GlUZAMYd2vXMi3b,2020-09-03,36
9,ROCKSTAR (feat. Roddy Ricch),DaBaby,25414631,https://open.spotify.com/track/7ytR5pFWmSjzHJIeQkgog4,2020-09-03,36
10,Laugh Now Cry Later (feat. Lil Durk),Drake,25243233,https://open.spotify.com/track/2SAqBLGA283SUiwJ3xOUVI,2020-09-03,36
1,WAP (feat. Megan Thee Stallion),Cardi B,44519875,https://open.spotify.com/track/4Oun2ylbjFKMPTiaSbbCih,2020-09-10,37
2,Hawai,Maluma,37497532,https://open.spotify.com/track/1yoMvmasuxZfqHEipJhRbp,2020-09-10,37
3,Mood (feat. iann dior),24kGoldn,37448924,https://open.spotify.com/track/3tjFYV6RSFtuktYl3ZtYcq,2020-09-10,37
4,Dynamite,BTS,28343499,https://open.spotify.com/track/0t1kP63rueHleOhQkYSXFY,2020-09-10,37
5,Blinding Lights,The Weeknd,26181061,https://open.spotify.com/track/0VjIjW4GlUZAMYd2vXMi3b,2020-09-10,37
6,Watermelon Sugar,Harry Styles,26120174,https://open.spotify.com/track/6UelLqGlWMcVH1E5c4H7lY,2020-09-10,37
7,Savage Love (Laxed - Siren Beat),Jawsh 685,25664441,https://open.spotify.com/track/1xQ6trAsedVPCdbtDAmk0c,2020-09-10,37
8,Laugh Now Cry Later (feat. Lil Durk),Drake,24263826,https://open.spotify.com/track/2SAqBLGA283SUiwJ3xOUVI,2020-09-10,37
9,ROCKSTAR (feat. Roddy Ricch),DaBaby,24141172,https://open.spotify.com/track/7ytR5pFWmSjzHJIeQkgog4,2020-09-10,37
10,Ice Cream (with Selena Gomez),BLACKPINK,19994113,https://open.spotify.com/track/2J4P46vCFm1rPkNkp9pZWX,2020-09-10,37
1,WAP (feat. Megan Thee Stallion),Cardi B,41933823,https://open.spotify.com/track/4Oun2ylbjFKMPTiaSbbCih,2020-09-17,38
2,Mood (feat. iann dior),24kGoldn,39888834,https://open.spotify.com/track/3tjFYV6RSFtuktYl3ZtYcq,2020-09-17,38
3,Hawai,Maluma,34192033,https://open.spotify.com/track/1yoMvmasuxZfqHEipJhRbp,2020-09-17,38
4,Dynamite,BTS,27962670,https://open.spotify.com/track/0t1kP63rueHleOhQkYSXFY,2020-09-17,38
5,Watermelon Sugar,Harry Styles,25237621,https://open.spotify.com/track/6UelLqGlWMcVH1E5c4H7lY,2020-09-17,38
6,Blinding Lights,The Weeknd,25078277,https://open.spotify.com/track/0VjIjW4GlUZAMYd2vXMi3b,2020-09-17,38
7,Savage Love (Laxed - Siren Beat),Jawsh 685,24513500,https://open.spotify.com/track/1xQ6trAsedVPCdbtDAmk0c,2020-09-17,38
8,ROCKSTAR (feat. Roddy Ricch),DaBaby,23199458,https://open.spotify.com/track/7ytR5pFWmSjzHJIeQkgog4,2020-09-17,38
"9,Lemonade (feat. Gunna;; Don Toliver & NAV),Internet Money,22618350,https://open.spotify.com/track/2DQNYMRjisN3KAPj1bEwOI,2020-09-17,38"
10,Laugh Now Cry Later (feat. Lil Durk),Drake,22432951,https://open.spotify.com/track/2SAqBLGA283SUiwJ3xOUVI,2020-09-17,38
1,Mood (feat. iann dior),24kGoldn,41500977,https://open.spotify.com/track/3tjFYV6RSFtuktYl3ZtYcq,2020-09-24,39
2,WAP (feat. Megan Thee Stallion),Cardi B,38686319,https://open.spotify.com/track/4Oun2ylbjFKMPTiaSbbCih,2020-09-24,39
3,Hawai,Maluma,31447631,https://open.spotify.com/track/1yoMvmasuxZfqHEipJhRbp,2020-09-24,39
4,Holy (feat. Chance The Rapper),Justin Bieber,28367431,https://open.spotify.com/track/5u1n1kITHCxxp8twBcZxWy,2020-09-24,39
"5,Lemonade (feat. Gunna;; Don Toliver & NAV),Internet Money,27981415,https://open.spotify.com/track/7hxHWCCAIIxFLCzvDgnQHX,2020-09-24,39"
6,Dynamite,BTS,27747541,https://open.spotify.com/track/0t1kP63rueHleOhQkYSXFY,2020-09-24,39
7,Watermelon Sugar,Harry Styles,24284713,https://open.spotify.com/track/6UelLqGlWMcVH1E5c4H7lY,2020-09-24,39
8,Blinding Lights,The Weeknd,24241936,https://open.spotify.com/track/0VjIjW4GlUZAMYd2vXMi3b,2020-09-24,39
9,Savage Love (Laxed - Siren Beat),Jawsh 685,22546583,https://open.spotify.com/track/1xQ6trAsedVPCdbtDAmk0c,2020-09-24,39
10,ROCKSTAR (feat. Roddy Ricch),DaBaby,21683041,https://open.spotify.com/track/7ytR5pFWmSjzHJIeQkgog4,2020-09-24,39
1,Mood (feat. iann dior),24kGoldn,39960744,https://open.spotify.com/track/3tjFYV6RSFtuktYl3ZtYcq,2020-10-01,40
2,WAP (feat. Megan Thee Stallion),Cardi B,34915133,https://open.spotify.com/track/4Oun2ylbjFKMPTiaSbbCih,2020-10-01,40
"3,Lemonade (feat. Gunna;, Don Toliver & NAV),Internet Money,29828907,https://open.spotify.com/track/7hxHWCCAIIxFLCzvDgnQHX,2020-10-01,40"
4,Hawai,Maluma,29733434,https://open.spotify.com/track/1yoMvmasuxZfqHEipJhRbp,2020-10-01,40
5,Dynamite,BTS,27835215,https://open.spotify.com/track/0t1kP63rueHleOhQkYSXFY,2020-10-01,40
6,Holy (feat. Chance The Rapper),Justin Bieber,24282760,https://open.spotify.com/track/5u1n1kITHCxxp8twBcZxWy,2020-10-01,40
7,Blinding Lights,The Weeknd,23475244,https://open.spotify.com/track/0VjIjW4GlUZAMYd2vXMi3b,2020-10-01,40
8,Watermelon Sugar,Harry Styles,23372224,https://open.spotify.com/track/6UelLqGlWMcVH1E5c4H7lY,2020-10-01,40
9,For The Night (feat. Lil Baby & DaBaby),Pop Smoke,22348585,https://open.spotify.com/track/0PvFJmanyNQMseIFrU708S,2020-10-01,40
10,Savage Love (Laxed - Siren Beat),Jawsh 685,20984707,https://open.spotify.com/track/1xQ6trAsedVPCdbtDAmk0c,2020-10-01,40
1,Mood (feat. iann dior),24kGoldn,37910562,https://open.spotify.com/track/3tjFYV6RSFtuktYl3ZtYcq,2020-10-08,41
2,WAP (feat. Megan Thee Stallion),Cardi B,31393328,https://open.spotify.com/track/4Oun2ylbjFKMPTiaSbbCih,2020-10-08,41
3,Dynamite,BTS,28359094,https://open.spotify.com/track/0t1kP63rueHleOhQkYSXFY,2020-10-08,41
"4,Lemonade (feat. Gunna;, Don Toliver & NAV),Internet Money,28351078,https://open.spotify.com/track/7hxHWCCAIIxFLCzvDgnQHX,2020-10-08,41"
5,Hawai,Maluma,27356602,https://open.spotify.com/track/1yoMvmasuxZfqHEipJhRbp,2020-10-08,41
6,Lovesick Girls,BLACKPINK,26331588,https://open.spotify.com/track/4Ws314Ylb27BVsvlZOy30C,2020-10-08,41
7,For The Night (feat. Lil Baby & DaBaby),Pop Smoke,22837971,https://open.spotify.com/track/0PvFJmanyNQMseIFrU708S,2020-10-08,41
8,Blinding Lights,The Weeknd,22792468,https://open.spotify.com/track/0VjIjW4GlUZAMYd2vXMi3b,2020-10-08,41
9,Holy (feat. Chance The Rapper),Justin Bieber,22290608,https://open.spotify.com/track/5u1n1kITHCxxp8twBcZxWy,2020-10-08,41
10,Watermelon Sugar,Harry Styles,21785491,https://open.spotify.com/track/6UelLqGlWMcVH1E5c4H7lY,2020-10-08,41
1,Mood (feat. iann dior),24kGoldn,36456856,https://open.spotify.com/track/3tjFYV6RSFtuktYl3ZtYcq,2020-10-15,42
"2,Lemonade (feat. Gunna;, Don Toliver & NAV),Internet Money,30094068,https://open.spotify.com/track/7hxHWCCAIIxFLCzvDgnQHX,2020-10-15,42"
3,WAP (feat. Megan Thee Stallion),Cardi B,28881747,https://open.spotify.com/track/4Oun2ylbjFKMPTiaSbbCih,2020-10-15,42
4,Hawai,Maluma,26711993,https://open.spotify.com/track/1yoMvmasuxZfqHEipJhRbp,2020-10-15,42
5,Dynamite,BTS,26198982,https://open.spotify.com/track/0t1kP63rueHleOhQkYSXFY,2020-10-15,42
6,What You Know Bout Love,Pop Smoke,23128718,https://open.spotify.com/track/1tkg4EHVoqnhR6iFEXb60y,2020-10-15,42
7,Blinding Lights,The Weeknd,22747626,https://open.spotify.com/track/0VjIjW4GlUZAMYd2vXMi3b,2020-10-15,42
8,For The Night (feat. Lil Baby & DaBaby),Pop Smoke,22340991,https://open.spotify.com/track/0PvFJmanyNQMseIFrU708S,2020-10-15,42
9,Watermelon Sugar,Harry Styles,20927094,https://open.spotify.com/track/6UelLqGlWMcVH1E5c4H7lY,2020-10-15,42
10,Holy (feat. Chance The Rapper),Justin Bieber,20896497,https://open.spotify.com/track/5u1n1kITHCxxp8twBcZxWy,2020-10-15,42
1,Mood (feat. iann dior),24kGoldn,35709174,https://open.spotify.com/track/3tjFYV6RSFtuktYl3ZtYcq,2020-10-22,43
"2,Lemonade (feat. Gunna;, Don Toliver & NAV),Internet Money,30463204,https://open.spotify.com/track/7hxHWCCAIIxFLCzvDgnQHX,2020-10-22,43"
3,WAP (feat. Megan Thee Stallion),Cardi B,26814366,https://open.spotify.com/track/4Oun2ylbjFKMPTiaSbbCih,2020-10-22,43
4,Dynamite,BTS,25807515,https://open.spotify.com/track/0t1kP63rueHleOhQkYSXFY,2020-10-22,43
5,Hawai,Maluma,25293611,https://open.spotify.com/track/1yoMvmasuxZfqHEipJhRbp,2020-10-22,43
6,What You Know Bout Love,Pop Smoke,23831081,https://open.spotify.com/track/1tkg4EHVoqnhR6iFEXb60y,2020-10-22,43
7,Blinding Lights,The Weeknd,22102181,https://open.spotify.com/track/0VjIjW4GlUZAMYd2vXMi3b,2020-10-22,43
8,For The Night (feat. Lil Baby & DaBaby),Pop Smoke,22098488,https://open.spotify.com/track/0PvFJmanyNQMseIFrU708S,2020-10-22,43
9,Holy (feat. Chance The Rapper),Justin Bieber,22005534,https://open.spotify.com/track/5u1n1kITHCxxp8twBcZxWy,2020-10-22,43
10,Watermelon Sugar,Harry Styles,20396240,https://open.spotify.com/track/6UelLqGlWMcVH1E5c4H7lY,2020-10-22,43
1,positions,Ariana Grande,41862937,https://open.spotify.com/track/7igeByaBM0MgGsgXtNxDJ7,2020-10-29,44
2,Mood (feat. iann dior),24kGoldn,35772467,https://open.spotify.com/track/3tjFYV6RSFtuktYl3ZtYcq,2020-10-29,44
"3,Lemonade (feat. Gunna;, Don Toliver & NAV),Internet Money,29922386,https://open.spotify.com/track/7hxHWCCAIIxFLCzvDgnQHX,2020-10-29,44"
4,Dynamite,BTS,25034516,https://open.spotify.com/track/0t1kP63rueHleOhQkYSXFY,2020-10-29,44
5,WAP (feat. Megan Thee Stallion),Cardi B,24964388,https://open.spotify.com/track/4Oun2ylbjFKMPTiaSbbCih,2020-10-29,44
6,What You Know Bout Love,Pop Smoke,24810100,https://open.spotify.com/track/1tkg4EHVoqnhR6iFEXb60y,2020-10-29,44
7,Hawai,Maluma,23451534,https://open.spotify.com/track/1yoMvmasuxZfqHEipJhRbp,2020-10-29,44
8,Blinding Lights,The Weeknd,22484168,https://open.spotify.com/track/0VjIjW4GlUZAMYd2vXMi3b,2020-10-29,44
9,Holy (feat. Chance The Rapper),Justin Bieber,21336275,https://open.spotify.com/track/5u1n1kITHCxxp8twBcZxWy,2020-10-29,44
10,Lonely (with benny blanco),Justin Bieber,21141960,https://open.spotify.com/track/4y4spB9m0Q6026KfkAvy9Q,2020-10-29,44
1,positions,Ariana Grande,41067766,https://open.spotify.com/track/35mvY5S1H3J2QZyna3TFe0,2020-11-05,45
2,DAKITI,Bad Bunny,36489203,https://open.spotify.com/track/47EiUVwUp4C9fGccaPuUCS,2020-11-05,45
3,Mood (feat. iann dior),24kGoldn,34016574,https://open.spotify.com/track/3tjFYV6RSFtuktYl3ZtYcq,2020-11-05,45
"4,Lemonade (feat. Gunna;, Don Toliver & NAV),Internet Money,28685476,https://open.spotify.com/track/7hxHWCCAIIxFLCzvDgnQHX,2020-11-05,45"
5,34+35,Ariana Grande,26153463,https://open.spotify.com/track/6Im9k8u9iIzKMrmV7BWtlF,2020-11-05,45
6,What You Know Bout Love,Pop Smoke,23370098,https://open.spotify.com/track/1tkg4EHVoqnhR6iFEXb60y,2020-11-05,45
7,Dynamite,BTS,23324757,https://open.spotify.com/track/0t1kP63rueHleOhQkYSXFY,2020-11-05,45
8,Lonely (with benny blanco),Justin Bieber,22702806,https://open.spotify.com/track/4y4spB9m0Q6026KfkAvy9Q,2020-11-05,45
9,Hawai,Maluma,22160052,https://open.spotify.com/track/1yoMvmasuxZfqHEipJhRbp,2020-11-05,45
10,WAP (feat. Megan Thee Stallion),Cardi B,22120658,https://open.spotify.com/track/4Oun2ylbjFKMPTiaSbbCih,2020-11-05,45
1,DAKITI,Bad Bunny,53029262,https://open.spotify.com/track/47EiUVwUp4C9fGccaPuUCS,2020-11-12,46
2,positions,Ariana Grande,34058841,https://open.spotify.com/track/35mvY5S1H3J2QZyna3TFe0,2020-11-12,46
3,Mood (feat. iann dior),24kGoldn,29490770,https://open.spotify.com/track/3tjFYV6RSFtuktYl3ZtYcq,2020-11-12,46
"4,Lemonade (feat. Gunna;, Don Toliver & NAV),Internet Money,28010531,https://open.spotify.com/track/7hxHWCCAIIxFLCzvDgnQHX,2020-11-12,46"
5,Lonely (with benny blanco),Justin Bieber,23824437,https://open.spotify.com/track/4y4spB9m0Q6026KfkAvy9Q,2020-11-12,46
6,What You Know Bout Love,Pop Smoke,23094943,https://open.spotify.com/track/1tkg4EHVoqnhR6iFEXb60y,2020-11-12,46
7,Dynamite,BTS,22201247,https://open.spotify.com/track/0t1kP63rueHleOhQkYSXFY,2020-11-12,46
8,WAP (feat. Megan Thee Stallion),Cardi B,20733695,https://open.spotify.com/track/4Oun2ylbjFKMPTiaSbbCih,2020-11-12,46
9,Hawai,Maluma,20669832,https://open.spotify.com/track/1yoMvmasuxZfqHEipJhRbp,2020-11-12,46
10,Blinding Lights,The Weeknd,20236786,https://open.spotify.com/track/0VjIjW4GlUZAMYd2vXMi3b,2020-11-12,46
1,DAKITI,Bad Bunny,50727034,https://open.spotify.com/track/47EiUVwUp4C9fGccaPuUCS,2020-11-19,47
2,Therefore I Am,Billie Eilish,35380663,https://open.spotify.com/track/54bFM56PmE4YLRnqpW6Tha,2020-11-19,47
3,positions,Ariana Grande,33470958,https://open.spotify.com/track/35mvY5S1H3J2QZyna3TFe0,2020-11-19,47
4,Mood (feat. iann dior),24kGoldn,30989530,https://open.spotify.com/track/3tjFYV6RSFtuktYl3ZtYcq,2020-11-19,47
"5,Lemonade (feat. Gunna;, Don Toliver & NAV),Internet Money,25874945,https://open.spotify.com/track/7hxHWCCAIIxFLCzvDgnQHX,2020-11-19,47"
6,Lonely (with benny blanco),Justin Bieber,21896711,https://open.spotify.com/track/4y4spB9m0Q6026KfkAvy9Q,2020-11-19,47
7,Dynamite,BTS,21715255,https://open.spotify.com/track/0t1kP63rueHleOhQkYSXFY,2020-11-19,47
8,What You Know Bout Love,Pop Smoke,21674877,https://open.spotify.com/track/1tkg4EHVoqnhR6iFEXb60y,2020-11-19,47
9,Blinding Lights,The Weeknd,19832063,https://open.spotify.com/track/0VjIjW4GlUZAMYd2vXMi3b,2020-11-19,47
10,WAP (feat. Megan Thee Stallion),Cardi B,19108498,https://open.spotify.com/track/4Oun2ylbjFKMPTiaSbbCih,2020-11-19,47
1,DAKITI,Bad Bunny,47686643,https://open.spotify.com/track/47EiUVwUp4C9fGccaPuUCS,2020-11-26,48
2,Dynamite,BTS,33452450,https://open.spotify.com/track/4saklk6nie3yiGePpBwUoc,2020-11-26,48
3,positions,Ariana Grande,32475331,https://open.spotify.com/track/35mvY5S1H3J2QZyna3TFe0,2020-11-26,48
4,Life Goes On,BTS,32174731,https://open.spotify.com/track/249gnXrbfmV8NG6jTEMSwD,2020-11-26,48
5,Therefore I Am,Billie Eilish,30419033,https://open.spotify.com/track/54bFM56PmE4YLRnqpW6Tha,2020-11-26,48
6,Mood (feat. iann dior),24kGoldn,29814124,https://open.spotify.com/track/3tjFYV6RSFtuktYl3ZtYcq,2020-11-26,48
7,Monster (Shawn Mendes & Justin Bieber),Shawn Mendes,28903220,https://open.spotify.com/track/2Z8yfpFX0ZMavHkcIeHiO1,2020-11-26,48
"8,Lemonade (feat. Gunna;, Don Toliver & NAV),Internet Money,24816100,https://open.spotify.com/track/7hxHWCCAIIxFLCzvDgnQHX,2020-11-26,48"
9,BICHOTA,KAROL G,21577655,https://open.spotify.com/track/7vrJn5hDSXRmdXoR30KgF1,2020-11-26,48
10,Lonely (with benny blanco),Justin Bieber,21386423,https://open.spotify.com/track/4y4spB9m0Q6026KfkAvy9Q,2020-11-26,48
1,DAKITI,Bad Bunny,53344093,https://open.spotify.com/track/4MzXwWMhyBbmu6hOcLVD49,2020-12-03,49
2,LA NOCHE DE ANOCHE,Bad Bunny,30110474,https://open.spotify.com/track/2XIc1pqjXV3Cr2BQUGNBck,2020-12-03,49
3,positions,Ariana Grande,29088183,https://open.spotify.com/track/35mvY5S1H3J2QZyna3TFe0,2020-12-03,49
4,All I Want for Christmas Is You,Mariah Carey,28851001,https://open.spotify.com/track/0bYg9bo50gSsH3LtXe2SQn,2020-12-03,49
5,Mood (feat. iann dior),24kGoldn,27214554,https://open.spotify.com/track/3tjFYV6RSFtuktYl3ZtYcq,2020-12-03,49
6,Dynamite,BTS,24688584,https://open.spotify.com/track/4saklk6nie3yiGePpBwUoc,2020-12-03,49
7,Blinding Lights,The Weeknd,24637131,https://open.spotify.com/track/0VjIjW4GlUZAMYd2vXMi3b,2020-12-03,49
8,Therefore I Am,Billie Eilish,24602518,https://open.spotify.com/track/54bFM56PmE4YLRnqpW6Tha,2020-12-03,49
9,Last Christmas,Wham!,24561977,https://open.spotify.com/track/2FRnf9qhLbvw8fu4IBXx78,2020-12-03,49
10,BICHOTA,KAROL G,23051450,https://open.spotify.com/track/7vrJn5hDSXRmdXoR30KgF1,2020-12-03,49
1,DAKITI,Bad Bunny,42521776,https://open.spotify.com/track/4MzXwWMhyBbmu6hOcLVD49,2020-12-10,50
2,All I Want for Christmas Is You,Mariah Carey,33463486,https://open.spotify.com/track/0bYg9bo50gSsH3LtXe2SQn,2020-12-10,50
3,Last Christmas,Wham!,28540616,https://open.spotify.com/track/2FRnf9qhLbvw8fu4IBXx78,2020-12-10,50
4,positions,Ariana Grande,27117910,https://open.spotify.com/track/35mvY5S1H3J2QZyna3TFe0,2020-12-10,50
5,Mood (feat. iann dior),24kGoldn,25959759,https://open.spotify.com/track/3tjFYV6RSFtuktYl3ZtYcq,2020-12-10,50
6,Blinding Lights,The Weeknd,25085148,https://open.spotify.com/track/0VjIjW4GlUZAMYd2vXMi3b,2020-12-10,50
7,Santa Tell Me,Ariana Grande,23873167,https://open.spotify.com/track/0lizgQ7Qw35od7CYaoMBZb,2020-12-10,50
8,BICHOTA,KAROL G,23787475,https://open.spotify.com/track/7vrJn5hDSXRmdXoR30KgF1,2020-12-10,50
9,LA NOCHE DE ANOCHE,Bad Bunny,23555955,https://open.spotify.com/track/2XIc1pqjXV3Cr2BQUGNBck,2020-12-10,50
10,It's Beginning to Look a Lot like Christmas,Michael Buble,22257026,https://open.spotify.com/track/0lLdorYw7lVrJydTINhWdI,2020-12-10,50
1,DAKITI,Bad Bunny,38564049,https://open.spotify.com/track/4MzXwWMhyBbmu6hOcLVD49,2020-12-17,51
2,All I Want for Christmas Is You,Mariah Carey,32556355,https://open.spotify.com/track/0bYg9bo50gSsH3LtXe2SQn,2020-12-17,51
3,willow,Taylor Swift,32004718,https://open.spotify.com/track/3Uo7WG0vmLQ07WB4BDwy7D,2020-12-17,51
4,Last Christmas,Wham!,28682836,https://open.spotify.com/track/2FRnf9qhLbvw8fu4IBXx78,2020-12-17,51
5,positions,Ariana Grande,25258769,https://open.spotify.com/track/35mvY5S1H3J2QZyna3TFe0,2020-12-17,51
6,Mood (feat. iann dior),24kGoldn,25021570,https://open.spotify.com/track/3tjFYV6RSFtuktYl3ZtYcq,2020-12-17,51
7,BICHOTA,KAROL G,24006064,https://open.spotify.com/track/7vrJn5hDSXRmdXoR30KgF1,2020-12-17,51
8,Santa Tell Me,Ariana Grande,23649501,https://open.spotify.com/track/0lizgQ7Qw35od7CYaoMBZb,2020-12-17,51
9,Rockin' Around The Christmas Tree,Brenda Lee,22518877,https://open.spotify.com/track/2EjXfH91m7f8HiJN1yQg97,2020-12-17,51
10,champagne problems,Taylor Swift,22508341,https://open.spotify.com/track/0sY6ZUTh4yoctD8VIXz339,2020-12-17,51
1,All I Want for Christmas Is You,Mariah Carey,53401383,https://open.spotify.com/track/0bYg9bo50gSsH3LtXe2SQn,2020-12-24,52
2,Last Christmas,Wham!,48011162,https://open.spotify.com/track/2FRnf9qhLbvw8fu4IBXx78,2020-12-24,52
3,Santa Tell Me,Ariana Grande,38503261,https://open.spotify.com/track/0lizgQ7Qw35od7CYaoMBZb,2020-12-24,52
4,DAKITI,Bad Bunny,38006961,https://open.spotify.com/track/4MzXwWMhyBbmu6hOcLVD49,2020-12-24,52
5,Rockin' Around The Christmas Tree,Brenda Lee,37323134,https://open.spotify.com/track/2EjXfH91m7f8HiJN1yQg97,2020-12-24,52
6,It's Beginning to Look a Lot like Christmas,Michael Buble,36227377,https://open.spotify.com/track/0lLdorYw7lVrJydTINhWdI,2020-12-24,52
7,Jingle Bell Rock,Bobby Helms,36117097,https://open.spotify.com/track/7vQbuQcyTflfCIOu3Uzzya,2020-12-24,52
8,It's the Most Wonderful Time of the Year,Andy Williams,32218073,https://open.spotify.com/track/1IcR6RlgvDczfvoWJSSY2A,2020-12-24,52
9,Underneath the Tree,Kelly Clarkson,28983124,https://open.spotify.com/track/3nAp4IvdMPPWEH9uuXFFV5,2020-12-24,52
10,BICHOTA,KAROL G,25315138,https://open.spotify.com/track/7vrJn5hDSXRmdXoR30KgF1,2020-12-24,52
1,DAKITI,Bad Bunny,34261917,https://open.spotify.com/track/4MzXwWMhyBbmu6hOcLVD49,2020-12-31,53
2,Mood (feat. iann dior),24kGoldn,23970546,https://open.spotify.com/track/3tjFYV6RSFtuktYl3ZtYcq,2020-12-31,53
3,BICHOTA,KAROL G,23283597,https://open.spotify.com/track/7vrJn5hDSXRmdXoR30KgF1,2020-12-31,53
4,All I Want for Christmas Is You,Mariah Carey,23235257,https://open.spotify.com/track/0bYg9bo50gSsH3LtXe2SQn,2020-12-31,53
5,Blinding Lights,The Weeknd,23154785,https://open.spotify.com/track/0VjIjW4GlUZAMYd2vXMi3b,2020-12-31,53
6,positions,Ariana Grande,22629235,https://open.spotify.com/track/35mvY5S1H3J2QZyna3TFe0,2020-12-31,53
7,Last Christmas,Wham!,20709328,https://open.spotify.com/track/2FRnf9qhLbvw8fu4IBXx78,2020-12-31,53
8,34+35,Ariana Grande,19582545,https://open.spotify.com/track/6Im9k8u9iIzKMrmV7BWtlF,2020-12-31,53
9,Dynamite,BTS,18322537,https://open.spotify.com/track/4saklk6nie3yiGePpBwUoc,2020-12-31,53
10,LA NOCHE DE ANOCHE,Bad Bunny,18261133,https://open.spotify.com/track/2XIc1pqjXV3Cr2BQUGNBck,2020-12-31,53
